block_id;module;source_info;time_p;time_s;time_s_min;time_s_avg;time_s_max;cov_deviation;time_deviation;nb_threads;
44;nbody3D;nbody.c:237-247;10.74;1.25;1.16;1.24;1.34;0.52724409103394;0.065013758838177;8;
40;nbody3D;nbody.c:217-227;10.71;1.25;1.14;1.24;1.33;0.61486905813217;0.070761188864708;8;
42;nbody3D;nbody.c:227-237;9.76;1.14;1.05;1.13;1.24;0.57510232925415;0.064055651426315;8;
46;nbody3D;nbody.c:247-251;8.91;1.04;0.98;1.03;1.08;0.27788546681404;0.03326702490449;8;
38;nbody3D;nbody.c:213-217;2.47;0.29;0.25;0.29;0.34;0.27518963813782;0.031217839568853;8;
27;nbody3D;nbody.c:208-208;0.04;0.01;0;0.01;0.01;0.023616794496775;0.0027386122383177;5;
32;nbody3D;nbody.c:208-208;0.02;0;0;0.01;0.01;0.030491838231683;0.0035355335567147;2;
36;nbody3D;nbody.c:208-213;0.01;0;0;0;0;0;0;1;
