function_id;module;function_name;source_info;time_p;time_s;time_s_min;time_s_avg;time_s_max;cov_deviation;time_deviation;nb_threads;cats;label_name;
639;libm-2.31.so;f64xsubf128;;72.05;11.1;10.97;11.07;11.21;0.45785295963287;0.069642543792725;8;"0,0,0,100,0,0,0,0,0,0";f64xsubf128;
6;nbody3D;move_particles._omp_fn.0;nbody.c:147-186;20.77;3.2;3.09;3.19;3.37;0.63984787464142;0.097886048257351;8;"100,0,0,0,0,0,0,0,0,0";move_particles._omp_fn.0;
359;libm-2.31.so;pow;;6.27;0.97;0.87;0.96;1.13;0.57343578338623;0.08880153298378;8;"0,0,0,100,0,0,0,0,0,0";pow;
31;libm-2.31.so;.plt.sec@start;;0.71;0.11;0.07;0.11;0.14;0.12603813409805;0.01935338973999;8;"0,0,0,100,0,0,0,0,0,0";.plt.sec@start;
256;libgomp.so.1.0.0;omp_get_num_procs;;0.13;0.02;0.01;0.02;0.03;0.04735766723752;0.0072886892594397;8;"0,0,100,0,0,0,0,0,0,0";omp_get_num_procs;
0;nbody3D;Unknown function;;0.07;0.01;0;0.01;0.02;0.036153987050056;0.0055634863674641;7;"100,0,0,0,0,0,0,0,0,0";Unknown function;
236;libc-2.31.so;random_r;;0;0;0.01;0.01;0.01;0;0;1;"0,0,0,0,0,0,0,0,0,100";random_r;
